haison|haison@gmail.com|98ZwvMHSBA==
chilinh|chilinh@gmail.com|1234567
tutrinh|tutrinh@gmail.com|1234567
khanhvan|khanhvan@gmail.com|1234567
anhliem|huynhdev02@gmail.com|1234567
vanbao|vanbao@gmail.com|1234567
thanhhop|thanhhop@gmail.com|1234567
hoaitrung|hoaitrung@gmail.com|1234567
tramem|tramem@gmail.com|1234567
minhhau@9(";?..,`|minhhau@gmail.com|1234567
anhngoc|anhngoc@gmail.com|123456
